resultId,raceId,driverId,constructorId,number,grid,position,positionText,positionOrder,points,laps,time,milliseconds,fastestLap,rank,fastestLapTime,fastestLapSpeed,statusId
5,18,5,1,23,3,5,5,5,4.0,58,+18.014,5708630,43,1,1:27.418,218.385,1
28,19,2,2,3,5,6,6,6,3.0,56,+49.833,5528388,55,1,1:35.366,209.244,1
49,20,5,1,23,5,5,5,5,4.0,57,+26.789,5493759,49,1,1:33.193,209.062,1
67,21,8,6,1,1,1,1,1,10.0,66,1:38:19.051,5899051,46,1,1:21.670,205.191,1
91,22,8,6,1,4,3,3,3,6.0,58,+4.271,5213722,20,1,1:26.506,222.144,1
117,23,8,6,1,2,9,9,9,0.0,76,+33.792,7276534,74,1,1:16.689,156.789,1
146,24,8,6,1,3,\N,R,18,0.0,19,\N,\N,14,1,1:17.387,202.871,4
150,25,8,6,1,1,2,2,2,8.0,70,+17.984,5528229,16,1,1:16.630,207.224,1
172,26,8,6,1,3,4,4,4,5.0,59,\N,\N,18,1,1:32.150,200.842,11
192,27,2,2,3,12,4,4,4,5.0,67,+9.825,5490699,52,1,1:15.987,216.700,1
211,28,8,6,1,6,3,3,3,6.0,70,+16.856,5863923,61,1,1:21.195,194.243,1
229,29,13,6,2,1,1,1,1,10.0,57,1:35:32.339,5732339,36,1,1:38.708,197.637,1
266,30,8,6,1,4,18,18,18,0.0,42,\N,\N,24,1,1:47.930,233.618,20
277,31,8,6,1,14,9,9,9,0.0,53,+39.468,5246962,53,1,1:28.047,236.859,1
303,32,8,6,1,3,15,15,15,0.0,57,\N,\N,14,1,1:45.599,172.740,3
315,33,13,6,2,5,7,7,7,2.0,67,+46.158,5468050,55,1,1:18.426,209.456,1
329,34,1,1,22,1,1,1,1,10.0,56,1:31:57.403,5517403,13,1,1:36.325,203.722,1
349,35,13,6,2,1,1,1,1,10.0,71,1:34:11.435,5651435,36,1,1:13.736,210.377,1
369,36,8,6,6,1,1,1,1,10.0,58,1:25:28.770,5128770,41,1,1:25.235,223.978,1
392,37,1,1,2,4,2,2,2,8.0,56,+17.557,5552487,22,1,1:36.701,206.355,1
413,38,13,6,5,1,1,1,1,10.0,57,1:33:27.515,5607515,42,1,1:34.067,207.120,1
435,39,13,6,5,1,1,1,1,10.0,65,1:31:36.230,5496230,14,1,1:22.680,202.685,1
457,40,4,1,1,1,1,1,1,10.0,78,1:40:29.329,6029329,44,1,1:15.284,159.715,1
485,41,4,1,1,2,7,7,7,2.0,70,+21.936,6273228,46,1,1:16.367,205.580,1
504,42,8,6,6,4,4,4,4,5.0,73,+15.4,5485365,49,1,1:13.117,206.397,1
524,43,13,6,5,1,2,2,2,8.0,70,+2.414,5456614,42,1,1:16.099,208.670,1
545,44,8,6,6,2,1,1,1,10.0,59,1:21:43.074,4903074,17,1,1:20.638,229.514,1
568,45,13,6,5,3,2,2,2,8.0,60,+8.155,7594513,34,1,1:32.853,199.592,1
590,46,8,6,6,3,2,2,2,8.0,70,+0.715,5753706,70,1,1:20.047,197.029,1
612,47,8,6,6,3,2,2,2,8.0,58,+2.275,5204436,57,1,1:27.295,220.136,1
633,48,4,1,1,1,1,1,1,10.0,53,1:18:37.806,4717806,15,1,1:22.871,251.653,1
656,49,13,6,5,2,2,2,2,8.0,44,+4.695,4843761,34,1,1:48.036,233.388,1
677,50,1,1,2,1,1,1,1,10.0,67,2:00:34.579,7234579,27,1,1:28.193,186.259,1
701,51,13,6,5,3,3,3,3,6.0,56,+12.891,5891286,56,1,1:37.454,201.362,1
721,52,8,6,6,3,1,1,1,10.0,71,1:28:15.270,5295270,66,1,1:12.445,214.126,1
749,53,3,3,10,12,7,7,7,2.0,57,+1:03.043,5449248,42,1,1:32.408,210.838,1
766,54,4,4,1,7,2,2,2,8.0,56,+4.585,5445114,45,1,1:34.803,210.487,1
788,55,8,1,3,4,2,2,2,8.0,57,+1.8,5669670,57,1,1:26.045,221.869,1
810,56,4,4,1,5,2,2,2,8.0,62,+2.096,5468582,23,1,1:24.569,211.098,1
831,57,30,6,5,2,1,1,1,10.0,60,1:35:58.765,5758765,39,1,1:32.099,201.226,1
856,58,13,6,6,4,4,4,4,5.0,66,+29.853,5211612,42,1,1:16.648,217.320,1
879,59,30,6,5,22,5,5,5,4.0,78,+53.830,6276946,74,1,1:15.143,160.014,1
897,60,4,4,1,1,1,1,1,10.0,60,1:25:51.927,5151927,21,1,1:21.599,226.811,1
921,61,8,1,3,3,3,3,3,6.0,70,+8.8,5686108,22,1,1:15.841,207.006,1
941,62,30,6,5,1,1,1,1,10.0,73,1:34:35.199,5675199,56,1,1:12.719,207.527,1
963,63,30,6,5,1,1,1,1,10.0,70,1:32:07.803,5527803,46,1,1:17.111,205.931,1
985,64,30,6,5,2,1,1,1,10.0,67,1:27:51.693,5271693,17,1,1:16.357,215.650,1
1013,65,13,6,6,2,7,7,7,2.0,69,\N,\N,65,1,1:23.516,188.845,11
1031,66,30,6,5,2,3,3,3,6.0,58,+5.656,5336738,55,1,1:28.005,218.360,1
1052,67,8,1,3,1,2,2,2,8.0,53,+8.046,4500021,13,1,1:22.559,252.604,1
1074,68,4,4,1,1,2,2,2,8.0,56,+3.121,5855868,49,1,1:37.586,201.090,1
1095,69,4,4,1,5,1,1,1,10.0,53,1:23:52.413,5032413,14,1,1:32.676,225.572,1
1120,70,30,6,5,10,4,4,4,5.0,71,+24.094,5537845,70,1,1:12.162,214.966,1
1141,71,4,4,5,13,3,3,3,6.0,57,+6.712,5064048,24,1,1:25.683,222.807,1
1167,72,8,1,9,6,9,9,9,0.0,56,+1:21.580,5575316,23,1,1:35.483,208.987,1
1183,73,37,1,10,8,5,5,5,4.0,57,+1:04.988,5423519,43,1,1:31.447,213.054,1
1200,74,30,6,1,13,2,2,2,8.0,62,+0.215,5262136,48,1,1:21.858,216.946,1
1223,75,21,4,6,6,5,5,5,4.0,66,+57.936,5294766,66,1,1:15.641,220.213,1
1243,76,30,6,1,8,7,7,7,2.0,78,+37.223,6352779,40,1,1:15.842,158.540,1
1255,77,4,4,5,6,1,1,1,10.0,59,1:31:46.648,5506648,44,1,1:30.711,204.305,1
1275,78,8,1,9,7,1,1,1,10.0,70,1:32:09.290,5529290,23,1,1:14.384,211.061,1
1295,79,30,6,1,5,1,1,1,10.0,73,1:29:43.181,5383181,48,1,1:11.497,211.074,1
1316,80,8,1,9,13,2,2,2,8.0,70,+11.8,5494032,25,1,1:16.423,207.785,1
1337,81,8,1,9,12,3,3,3,6.0,60,+14.4,5083988,60,1,1:20.502,229.902,1
1374,82,8,1,9,1,\N,R,20,0.0,32,\N,\N,24,1,1:14.873,219.924,9
1375,83,8,1,9,4,1,1,1,10.0,70,1:37:25.552,5845552,40,1,1:21.219,194.186,1
1397,84,31,1,10,4,3,3,3,6.0,58,+19.635,5094089,39,1,1:24.770,226.693,1
1418,85,8,1,9,11,4,4,4,5.0,53,+22.775,4491434,51,1,1:21.504,255.874,1
1441,86,23,7,17,5,7,7,7,2.0,44,+1:27.5,5488795,43,1,1:51.453,225.329,1
1456,87,8,1,9,5,2,2,2,8.0,71,+2.527,5363101,29,1,1:12.268,214.651,1
1475,88,8,1,9,17,1,1,1,10.0,53,1:29:02.212,5342212,44,1,1:31.540,228.372,1
1496,89,8,1,9,3,2,2,2,8.0,56,+4.0,5997618,56,1,1:33.242,210.458,1
1515,90,30,6,1,1,1,1,1,10.0,58,1:24:15.757,5055757,29,1,1:24.125,226.933,1
1536,91,31,3,3,4,2,2,2,8.0,56,+5.022,5472512,28,1,1:34.223,211.782,1
1555,92,30,6,1,1,1,1,1,10.0,57,1:28:34.875,5314875,7,1,1:30.252,216.074,1
1575,93,30,6,1,2,1,1,1,10.0,62,1:26:19.670,5179670,10,1,1:20.411,220.850,1
1595,94,30,6,1,1,1,1,1,10.0,66,1:27:32.841,5252841,12,1,1:17.450,215.070,1
1625,95,30,6,1,4,\N,R,11,0.0,45,\N,\N,23,1,1:14.439,161.528,4
1635,96,30,6,1,1,1,1,1,10.0,60,1:32:35.101,5555101,7,1,1:29.468,207.144,1
1656,97,22,6,2,7,2,2,2,8.0,70,+5.108,5309911,68,1,1:13.622,213.246,1
1676,98,22,6,2,1,2,2,2,8.0,73,+2.950,6032864,7,1,1:10.399,214.366,1
1695,99,30,6,1,2,1,1,1,10.0,70,1:30:18.133,5418133,32,1,1:15.377,210.669,1
1715,100,30,6,1,4,1,1,1,10.0,60,1:24:42.700,5082700,14,1,1:18.739,235.049,1
1754,101,8,1,6,3,\N,R,20,0.0,13,\N,\N,10,1,1:13.780,223.182,65
1755,102,30,6,1,1,1,1,1,10.0,70,1:35:26.131,5726131,29,1,1:19.071,199.461,1
1775,103,8,1,6,10,1,1,1,10.0,44,1:32:35.274,5555274,42,1,1:45.108,238.931,1
1795,104,22,6,2,1,1,1,1,10.0,53,1:15:18.448,4518448,41,1,1:21.046,257.320,1
1826,105,30,6,1,20,12,12,12,0.0,55,\N,\N,55,1,1:32.238,212.749,11
1853,106,22,6,2,15,\N,R,19,0.0,38,\N,\N,30,1,1:32.730,225.441,4
1855,107,31,3,3,2,1,1,1,10.0,71,1:28:01.451,5281451,49,1,1:11.473,217.038,1
7559,1,3,3,16,5,6,6,6,3.0,58,+5.722,5661506,48,1,1:27.706,217.668,1
7574,2,18,23,22,1,1,1,1,5.0,31,1:10:52.092,4252092,18,1,1:36.641,206.483,1
7597,3,22,23,23,4,4,4,4,5.0,56,+1:03.704,7127189,42,1,1:52.592,174.289,1
7616,4,15,7,9,1,3,3,3,6.0,57,+9.170,5517352,10,1,1:34.556,206.049,1
7635,5,22,23,23,3,2,2,2,8.0,66,+13.056,5852258,28,1,1:22.762,202.484,1
7657,6,13,6,3,5,4,4,4,5.0,78,+15.110,6059392,50,1,1:15.154,159.991,1
7674,7,18,23,22,2,1,1,1,10.0,58,1:26:24.848,5184848,40,1,1:27.579,219.422,1
7694,8,20,9,15,1,1,1,1,10.0,60,1:22:49.328,4969328,16,1,1:20.735,229.238,1
7720,9,4,4,7,12,7,7,7,2.0,60,+24.888,5828198,49,1,1:33.365,198.498,1
7736,10,17,9,14,3,3,3,3,6.0,70,+16.886,5920762,65,1,1:21.931,192.498,1
7767,11,10,7,10,13,14,14,14,0.0,57,+1:26.519,5837808,55,1,1:38.683,197.687,1
7776,12,20,9,15,8,3,3,3,6.0,44,+3.875,5034870,38,1,1:47.263,235.070,1
7797,13,16,10,20,2,4,4,4,5.0,53,+31.131,4612837,36,1,1:24.739,246.106,1
7816,14,4,4,7,5,3,3,3,6.0,61,+16.624,6982961,53,1,1:48.240,168.725,1
7850,15,17,9,14,19,17,17,17,0.0,51,\N,\N,50,1,1:32.569,225.833,12
7854,16,17,9,14,2,1,1,1,10.0,71,1:32:23.081,5543081,25,1,1:13.733,210.386,1
16067,17,20,9,15,2,1,1,1,10.0,55,1:34:03.414,5643414,54,1,1:40.279,199.387,1
20323,337,4,6,8,3,1,1,1,25.0,49,1:39:20.396,5960396,45,1,1:58.287,191.706,1
20355,338,17,9,6,2,9,9,9,2.0,58,+1:07.319,5683850,47,1,1:28.358,216.061,1
20372,339,17,9,6,1,2,2,2,18.0,56,+4.849,5633261,53,1,1:37.054,205.605,1
20396,340,1,1,2,6,2,2,2,18.0,56,+1.530,6403693,13,1,1:42.061,192.273,1
20432,341,1,1,2,3,14,14,14,0.0,64,\N,\N,59,1,1:24.357,198.655,29
20444,342,20,9,5,3,2,2,2,18.0,78,+0.448,6613803,71,1,1:15.192,159.910,1
20481,343,808,4,12,9,15,15,15,0.0,57,\N,\N,57,1,1:29.165,215.519,11
20497,344,9,4,11,8,7,7,7,6.0,70,+57.300,5690756,67,1,1:16.972,203.965,1
20517,345,18,1,1,7,3,3,3,15.0,57,+12.658,6042229,54,1,1:38.766,197.521,1
20552,346,4,6,8,3,14,14,14,0.0,52,+1:02.385,5140585,52,1,1:30.874,233.373,1
20565,347,20,9,5,1,3,3,3,15.0,67,+5.121,5263985,67,1,1:15.824,217.166,1
20589,348,20,9,5,1,3,3,3,15.0,70,+19.252,6084823,70,1,1:22.362,191.491,1
20611,349,1,1,2,2,1,1,1,25.0,44,1:29:04.268,5344268,32,1,1:49.069,231.178,1
20635,350,4,6,8,1,1,1,1,25.0,53,1:16:24.572,4584572,52,1,1:24.139,247.861,1
20659,351,4,6,8,1,1,1,1,25.0,61,1:57:53.579,7073579,58,1,1:47.976,169.137,1
20684,352,17,9,6,2,2,2,2,18.0,53,+0.905,5428228,53,1,1:33.474,223.647,1
20707,353,4,6,8,3,1,1,1,25.0,55,2:48:20.810,10100810,42,1,1:50.257,183.335,1
20734,354,1,1,2,4,4,4,4,12.0,71,+14.634,5606437,66,1,1:13.851,210.049,1
20756,355,1,1,2,2,2,2,2,18.0,55,+10.162,5986999,47,1,1:41.274,197.428,1
20785,841,13,6,6,8,7,7,7,6.0,58,+1:25.186,5455445,55,1,1:28.947,214.631,1
20804,842,17,9,2,3,4,4,4,12.0,56,+26.384,5886216,46,1,1:40.571,198.415,1
20827,843,17,9,2,18,3,3,3,15.0,56,+7.555,5825781,42,1,1:38.993,198.232,1
20850,844,17,9,2,2,2,2,2,18.0,58,+8.807,5426365,48,1,1:29.703,214.226,1
20874,845,1,1,3,3,2,2,2,18.0,66,+0.630,5943931,52,1,1:26.727,193.227,1
20900,846,17,9,2,3,4,4,4,12.0,78,+23.101,7801474,78,1,1:16.234,157.724,1
20920,847,18,1,4,7,1,1,1,25.0,70,4:04:39.537,14679537,69,1,1:16.956,204.007,1
20944,848,20,9,1,1,1,1,1,25.0,57,1:39:36.169,5976169,53,1,1:41.852,191.536,1
20968,849,4,6,5,3,1,1,1,25.0,52,1:28:41.196,5321196,41,1,1:34.908,223.454,1
20992,850,1,1,3,2,1,1,1,25.0,60,1:37:30.344,5850334,59,1,1:34.302,196.526,1
21021,851,13,6,6,4,6,6,6,8.0,70,+1:23.176,6485513,61,1,1:23.415,189.073,1
21041,852,17,9,2,3,2,2,2,18.0,44,+3.741,5208634,33,1,1:49.883,229.465,1
21067,853,1,1,3,2,4,4,4,12.0,53,+17.417,4863589,52,1,1:26.187,241.971,1
21089,854,18,1,4,3,2,2,2,18.0,61,+1.737,7148494,54,1,1:48.454,168.392,1
21112,855,18,1,4,2,1,1,1,25.0,53,1:30:53.427,5453427,52,1,1:36.568,216.481,1
21136,856,20,9,1,2,1,1,1,25.0,55,1:38:01.994,5881994,55,1,1:39.605,202.941,1
21160,857,20,9,1,1,1,1,1,25.0,60,1:30:35.002,5435002,60,1,1:27.249,211.463,1
21187,858,17,9,2,4,4,4,4,12.0,55,+35.784,5867670,51,1,1:42.612,194.854,1
21208,859,17,9,2,2,1,1,1,25.0,71,1:32:17.464,5537464,71,1,1:15.324,205.942,1
21232,860,18,1,3,2,1,1,1,25.0,58,1:34:09.565,5649565,56,1,1:29.187,214.053,1
21260,861,8,208,9,10,5,5,5,10.0,56,+29.456,9921268,53,1,1:40.722,198.117,1
21289,862,155,15,14,3,10,10,10,1.0,56,+38.720,5825649,40,1,1:39.960,196.314,1
21304,863,20,9,1,1,1,1,1,25.0,57,1:35:10.990,5710990,41,1,1:36.379,202.151,1
21331,864,154,208,10,3,4,4,4,12.0,66,+14.799,5963944,53,1,1:26.250,194.295,1
21362,865,815,15,15,23,11,11,11,0.0,77,\N,\N,49,1,1:17.296,155.557,11
21379,866,20,9,1,1,4,4,4,12.0,70,+7.295,5556881,70,1,1:15.752,207.249,1
21405,867,3,131,8,6,6,6,6,8.0,57,+21.176,6277825,54,1,1:42.163,190.953,1
21428,868,8,208,9,6,5,5,5,10.0,52,+10.314,5121602,50,1,1:34.661,224.037,1
21454,869,30,131,7,3,7,7,7,6.0,67,+28.970,5494832,57,1,1:18.725,209.163,1
21475,870,20,9,1,3,4,4,4,12.0,69,+11.614,6077117,68,1,1:24.136,187.453,1
21507,871,811,3,19,17,12,12,12,0.0,44,+71.529,5420059,43,1,1:52.822,223.488,1
21526,872,3,131,8,6,7,7,7,6.0,53,+33.550,4814771,53,1,1:27.239,239.053,1
21557,873,807,10,12,11,14,14,14,0.0,59,+99.413,7325557,52,1,1:51.033,164.480,1
21568,874,20,9,1,1,1,1,1,25.0,53,1:28:56.242,5336242,52,1,1:35.774,218.276,1
21593,875,17,9,2,1,2,2,2,18.0,55,+8.231,5796882,54,1,1:42.037,198.104,1
21620,876,18,1,3,4,5,5,5,10.0,60,+26.266,5497010,60,1,1:28.203,209.176,1
21642,877,20,9,1,24,3,3,3,15.0,55,+4.163,6362830,54,1,1:43.964,192.320,1
21665,878,20,9,1,1,2,2,2,18.0,56,+0.675,5755944,56,1,1:39.347,199.772,1
21707,879,1,1,4,1,\N,R,20,0.0,54,\N,\N,38,1,1:18.069,198.701,4
21712,880,8,208,7,7,1,1,1,25.0,58,1:30:03.225,5403225,56,1,1:29.274,213.845,1
21742,881,815,1,6,9,9,9,9,2.0,56,+1:12.357,6009038,56,1,1:39.199,201.159,1
21759,882,20,9,1,9,4,4,4,12.0,56,+12.525,5799470,53,1,1:36.808,202.706,1
21778,883,20,9,1,2,1,1,1,25.0,57,1:36:00.498,5760498,55,1,1:36.961,200.938,1
21810,884,821,15,12,19,11,11,11,0.0,65,\N,\N,56,1,1:26.217,194.370,11
21823,885,20,9,1,3,2,2,2,18.0,78,+3.888,8275944,77,1,1:16.577,157.018,1
21847,886,17,9,2,5,4,4,4,12.0,70,+25.731,5554874,69,1,1:16.182,206.080,1
21867,887,17,9,2,4,2,2,2,18.0,52,+0.765,5580221,52,1,1:33.401,227.059,1
21891,888,4,6,3,8,4,4,4,12.0,60,+7.721,6082432,51,1,1:33.468,198.279,1
21913,890,17,9,2,10,4,4,4,12.0,70,+18.044,6167489,61,1,1:24.069,187.603,1
21932,891,20,9,1,2,1,1,1,25.0,44,1:23:42.196,5022196,40,1,1:50.756,227.657,1
21962,892,1,131,10,12,9,9,9,2.0,53,+33.527,4746879,51,1,1:25.849,242.924,1
21976,893,20,9,1,1,1,1,1,25.0,61,1:59:13.132,7153132,46,1,1:48.574,167.940,1
21998,894,20,9,1,1,1,1,1,25.0,55,1:43:13.701,6193701,53,1,1:41.380,199.388,1
22021,895,17,9,2,1,2,2,2,18.0,53,+7.129,5216430,44,1,1:34.587,221.015,1
22048,896,8,208,7,6,7,7,7,6.0,60,+1:07.988,5540175,60,1,1:27.679,210.426,1
22068,897,4,6,3,10,5,5,5,10.0,55,+1:07.181,5953287,55,1,1:43.434,193.305,1
22086,898,20,9,1,1,1,1,1,25.0,56,1:39:17.148,5957148,54,1,1:39.856,198.754,1
22109,899,17,9,2,4,2,2,2,18.0,71,+10.452,5566752,51,1,1:15.436,205.636,1
22130,900,3,131,6,3,1,1,1,25.0,57,1:32:58.710,5578710,19,1,1:32.478,206.436,1
22152,901,1,131,44,1,1,1,1,25.0,56,1:40:25.974,6025974,53,1,1:43.066,193.611,1
22175,902,3,131,6,1,2,2,2,18.0,57,+1.085,5983828,49,1,1:37.020,200.816,1
22197,903,3,131,6,4,2,2,2,18.0,54,+18.062,5626400,39,1,1:40.402,195.450,1
22221,904,20,9,1,15,4,4,4,12.0,66,+1:16.702,6141857,55,1,1:28.918,188.465,1
22251,905,8,6,7,6,12,12,12,0.0,77,\N,\N,75,1,1:18.479,153.212,11
22273,906,13,3,19,5,12,12,12,0.0,69,\N,\N,58,1,1:18.504,199.984,4
22289,907,815,10,11,15,6,6,6,8.0,71,+28.546,5303522,59,1,1:12.142,215.874,1
22306,908,1,131,44,6,1,1,1,25.0,52,2:26:52.094,8812094,26,1,1:37.176,218.239,1
22330,909,1,131,44,20,3,3,3,15.0,67,+22.530,5645444,53,1,1:19.908,206.066,1
22353,910,3,131,6,1,4,4,4,12.0,70,+6.361,6791419,64,1,1:25.724,183.981,1
22374,911,3,131,6,1,2,2,2,18.0,44,+3.383,5079939,36,1,1:50.511,228.161,1
22395,912,1,131,44,1,1,1,1,25.0,53,1:19:10.236,4750236,29,1,1:28.004,236.975,1
22417,913,1,131,44,1,1,1,1,25.0,60,2:00:04.795,7204795,39,1,1:50.417,165.137,1
22439,914,1,131,44,2,1,1,1,25.0,44,1:51:43.021,6703021,39,1,1:51.600,187.322,1
22463,915,822,3,77,3,3,3,3,15.0,53,+17.425,5528169,53,1,1:40.896,208.658,1
22488,916,20,9,1,18,7,7,7,6.0,56,+1:35.734,6100519,50,1,1:41.379,195.768,1
22501,917,1,131,44,2,2,2,2,18.0,71,+1.457,5404012,62,1,1:13.555,210.895,1
22521,918,817,9,3,20,4,4,4,24.0,55,+37.237,5979856,50,1,1:44.496,191.341,1
22538,926,1,131,44,1,1,1,1,25.0,58,1:31:54.067,5514067,50,1,1:30.945,209.915,1
22558,927,3,131,6,3,3,3,3,15.0,56,+12.310,6078103,43,1,1:42.062,195.516,1
22576,928,1,131,44,1,1,1,1,25.0,56,1:39:42.008,5982008,31,1,1:42.208,191.996,1
22597,929,8,6,7,4,2,2,2,18.0,57,+3.380,5709189,42,1,1:36.311,202.294,1
22617,930,1,131,44,2,2,2,2,18.0,66,+17.551,6090106,54,1,1:28.270,189.849,1
22640,931,817,9,3,4,5,5,5,10.0,78,+13.608,6572028,74,1,1:18.063,153.891,1
22659,932,8,6,7,3,4,4,4,12.0,70,+45.625,5558770,42,1,1:16.987,203.925,1
22676,933,3,131,6,2,1,1,1,25.0,71,1:30:16.930,5416930,35,1,1:11.235,218.622,1
22696,934,1,131,44,1,1,1,1,25.0,52,1:31:27.729,5487729,29,1,1:37.093,218.425,1
22718,936,817,9,3,4,3,3,3,15.0,69,+25.084,6395069,68,1,1:24.821,185.939,1
22737,937,3,131,6,2,2,2,2,18.0,43,+2.058,5022445,34,1,1:52.416,224.295,1
22756,938,1,131,44,1,1,1,1,25.0,53,1:18:00.688,4680688,48,1,1:26.672,240.617,1
22777,939,817,9,3,2,2,2,2,18.0,61,+1.478,7283596,52,1,1:50.041,165.701,1
22796,940,1,131,44,2,1,1,1,25.0,53,1:28:06.508,5286508,33,1,1:36.145,217.434,1
22817,941,20,6,5,4,2,2,2,18.0,53,+5.953,5836977,51,1,1:40.071,210.378,1
22838,942,3,131,6,1,2,2,2,18.0,56,+2.850,6655553,49,1,1:40.666,197.154,1
22857,943,3,131,6,1,1,1,1,25.0,71,1:42:35.038,6155038,67,1,1:20.521,192.426,1
22878,944,1,131,44,2,2,2,2,18.0,71,+7.756,5476846,51,1,1:14.832,207.296,1
22898,945,1,131,44,2,2,2,2,18.0,55,+8.271,5918446,44,1,1:44.517,191.302,1
22920,948,817,9,3,8,4,4,4,12.0,57,+24.330,6519895,49,1,1:28.997,214.510,1
22939,949,3,131,6,2,1,1,1,25.0,57,1:33:34.696,5614696,41,1,1:34.482,206.210,1
22975,950,807,10,27,13,15,15,15,0.0,55,\N,\N,48,1,1:39.824,196.581,11
22983,951,3,131,6,1,1,1,1,25.0,53,1:32:41.997,5561997,52,1,1:39.094,212.452,1
23014,952,826,5,26,13,10,10,10,1.0,65,\N,\N,53,1,1:26.948,192.735,11
23027,953,1,131,44,3,1,1,1,25.0,78,1:59:29.133,7169133,71,1,1:17.939,154.135,1
23053,954,3,131,6,2,5,5,5,10.0,70,+1:02.093,5527389,60,1,1:15.599,207.669,1
23071,955,3,131,6,1,1,1,1,25.0,51,1:32:52.366,5572366,48,1,1:46.485,202.946,1
23093,956,1,131,44,1,1,1,1,25.0,71,1:27:38.107,5258107,67,1,1:08.411,227.647,1
23117,957,3,131,6,2,3,3,3,15.0,52,+16.911,5712742,44,1,1:35.548,221.957,1
23142,958,8,6,7,14,6,6,6,8.0,70,+49.044,6079159,52,1,1:23.086,189.822,1
23160,959,817,9,3,3,2,2,2,18.0,67,+6.996,5451196,48,1,1:18.442,209.918,1
23183,960,1,131,44,21,3,3,3,15.0,44,+27.634,6318692,40,1,1:51.583,225.969,1
23216,961,4,1,14,12,14,14,14,0.0,52,\N,\N,51,1,1:25.340,244.373,11
23226,962,817,9,3,2,2,2,2,18.0,61,+0.488,6949438,49,1,1:47.187,170.113,1
23249,963,3,131,6,2,3,3,3,15.0,56,+25.516,5858292,44,1,1:36.424,206.948,1
23272,964,20,6,5,6,4,4,4,12.0,53,+20.269,5223602,36,1,1:35.118,219.781,1
23294,965,20,6,5,6,4,4,4,12.0,56,+43.134,5935752,55,1,1:39.877,198.712,1
23315,966,817,9,3,4,3,3,3,15.0,71,+20.858,6052260,53,1,1:21.134,190.972,1
23337,967,830,9,33,4,3,3,3,15.0,71,+21.481,10882816,67,1,1:25.305,181.846,1
23359,968,20,6,5,5,3,3,3,15.0,55,+0.843,5884856,43,1,1:43.729,192.756,1
23382,969,8,6,7,4,4,4,4,12.0,57,+22.393,5074065,56,1,1:26.538,220.605,1
23399,970,1,131,44,1,1,1,1,25.0,56,1:37:36.158,5856158,44,1,1:35.378,205.745,1
23420,971,1,131,44,2,2,2,2,18.0,57,+6.660,5640034,46,1,1:32.798,209.952,1
23441,972,8,6,7,2,3,3,3,15.0,52,+11.000,5299743,49,1,1:36.844,217.388,1
23459,973,1,131,44,1,1,1,1,25.0,66,1:35:56.497,5756497,64,1,1:23.593,200.471,1
23491,974,815,10,11,7,13,13,13,0.0,78,+39.089,6323429,76,1,1:14.820,160.561,1
23499,975,1,131,44,1,1,1,1,25.0,70,1:33:05.154,5585154,64,1,1:14.551,210.588,1
23522,976,20,6,5,4,4,4,4,12.0,51,+5.976,7441549,47,1,1:43.441,208.919,1
23545,977,1,131,44,8,4,4,4,12.0,71,+7.430,4915953,69,1,1:07.411,230.597,1
23562,978,1,131,44,1,1,1,1,25.0,51,1:21:27.430,4887430,48,1,1:30.621,234.025,1
23587,979,4,1,14,7,6,6,6,8.0,70,+1:11.223,6057936,69,1,1:20.182,196.697,1
23603,980,20,6,5,2,2,2,2,18.0,44,+2.358,5085178,41,1,1:46.577,236.583,1
23625,981,817,9,3,16,4,4,4,12.0,53,+40.335,4572647,49,1,1:23.361,250.174,1
23642,982,1,131,44,5,1,1,1,25.0,58,2:03:23.544,7403544,55,1,1:45.008,173.643,1
23665,983,20,6,5,20,4,4,4,12.0,56,+37.362,5438652,41,1,1:34.080,212.104,1
23685,984,822,131,77,6,4,4,4,12.0,53,+10.580,5261774,50,1,1:33.144,224.439,1
23703,985,20,6,5,2,2,2,2,18.0,56,+10.143,5641134,51,1,1:37.766,203.003,1
23725,986,20,6,5,1,4,4,4,12.0,71,+1:10.078,5856630,68,1,1:18.785,196.666,1
23746,987,830,9,33,4,5,5,5,10.0,71,+32.940,5519202,64,1,1:11.044,218.349,1
23762,988,822,131,77,1,1,1,1,25.0,55,1:34:14.062,5654062,52,1,1:40.650,198.652,1
23785,989,817,9,3,8,4,4,4,12.0,58,+7.069,5380352,54,1,1:25.945,222.128,1
23803,990,822,131,77,3,2,2,2,18.0,57,+0.699,5522639,22,1,1:33.740,207.842,1
23822,991,817,9,3,6,1,1,1,25.0,56,1:35:36.380,5736380,55,1,1:35.785,204.871,1
23855,992,822,131,77,3,\N,R,14,0.0,48,\N,\N,37,1,1:45.149,205.525,29
23866,993,817,9,3,6,5,5,5,10.0,66,+50.058,5780030,61,1,1:18.441,213.638,1
23890,994,830,9,33,20,9,9,9,2.0,78,+25.317,6200124,60,1,1:14.260,161.772,1
23904,995,830,9,33,3,3,3,3,15.0,68,+8.360,5319737,65,1,1:13.864,212.547,1
23928,996,822,131,77,2,7,7,7,6.0,53,+1:20.632,5492017,41,1,1:34.225,223.201,1
23943,997,8,6,7,3,2,2,2,18.0,71,+1.504,4917528,71,1,1:06.957,232.160,1
23962,998,20,6,5,2,1,1,1,25.0,52,1:27:29.784,5249784,47,1,1:30.696,233.831,1
23983,999,1,131,44,14,1,1,1,25.0,67,1:32:29.845,5549845,66,1,1:15.545,217.968,1
24006,1000,817,9,3,12,4,4,4,12.0,70,+46.419,5882846,46,1,1:20.012,197.115,1
24026,1001,822,131,77,19,4,4,4,12.0,44,+1:03.605,5078081,32,1,1:46.286,237.231,1
24043,1002,1,131,44,3,1,1,1,25.0,53,1:16:54.484,4614484,30,1,1:22.497,252.794,1
24080,1003,825,210,20,16,18,18,18,0.0,59,\N,\N,50,1,1:41.905,178.860,12
24084,1004,822,131,77,1,2,2,2,18.0,53,+2.545,5247726,50,1,1:35.861,219.617,1
24108,1005,20,6,5,8,6,6,6,8.0,53,+1:09.873,5306935,53,1,1:32.318,226.447,1
24125,1006,1,131,44,1,3,3,3,15.0,56,+2.342,5660985,40,1,1:37.392,203.782,1
24147,1007,822,131,77,5,5,5,5,10.0,70,\N,\N,65,1,1:18.741,196.776,11
24167,1008,822,131,77,3,5,5,5,10.0,71,+22.943,5252009,65,1,1:10.540,219.909,1
24184,1009,20,6,5,3,2,2,2,18.0,55,+2.581,5982963,54,1,1:40.867,198.225,1
24203,1010,822,131,77,2,1,1,1,26.0,58,1:25:27.325,5127325,57,1,1:25.580,223.075,1
24225,1011,844,6,16,1,3,3,3,16.0,57,+6.131,5667426,38,1,1:33.411,208.575,1
24248,1012,842,9,10,6,6,6,6,9.0,56,+1:29.307,5615657,55,1,1:34.742,207.126,1
24267,1013,844,6,16,8,5,5,5,11.0,51,+1:09.107,5582049,50,1,1:43.009,209.795,1
24283,1014,1,131,44,2,1,1,1,26.0,66,1:35:50.443,5750443,54,1,1:18.492,213.499,1
24310,1015,842,9,10,8,5,5,5,11.0,78,+9.946,6218383,72,1,1:14.279,161.730,1
24329,1016,822,131,77,6,4,4,4,13.0,70,+51.043,5398127,69,1,1:13.078,214.833,1
24350,1017,20,6,5,7,5,5,5,11.0,53,+1:02.796,5133994,53,1,1:32.740,226.775,1
24366,1018,830,9,33,2,1,1,1,26.0,71,1:22:01.822,4921822,60,1,1:07.475,230.378,1
24386,1019,1,131,44,2,1,1,1,26.0,52,1:21:08.452,4868452,52,1,1:27.369,242.735,1
24406,1020,830,9,33,2,1,1,1,26.0,64,1:44:31.275,6271275,61,1,1:16.645,214.839,1
24427,1021,830,9,33,1,2,2,2,19.0,70,+17.796,5721592,69,1,1:17.103,204.552,1
24449,1022,20,6,5,2,4,4,4,13.0,44,+26.422,5052132,36,1,1:46.409,236.957,1
24468,1023,1,131,44,2,3,3,3,16.0,53,+35.199,4561864,51,1,1:21.779,255.014,1
24502,1024,825,210,20,13,17,17,17,0.0,61,+1:26.522,7200189,58,1,1:42.301,178.168,1
24506,1025,1,131,44,2,1,1,1,26.0,53,1:33:38.992,5618992,51,1,1:35.761,219.847,1
24528,1026,1,131,44,4,3,3,3,16.0,52,+13.858,4920613,45,1,1:30.983,229.770,1
24549,1027,844,6,16,1,4,4,4,13.0,71,+6.368,5815272,53,1,1:19.232,195.557,1
24628,1031,846,1,4,3,3,3,3,16.0,71,+5.491,5461230,71,1,1:07.475,230.378,1
24569,1028,844,6,16,4,4,4,4,13.0,56,+52.239,5687892,44,1,1:36.169,206.374,1
24605,1029,822,131,77,4,\N,R,20,0.0,51,\N,\N,43,1,1:10.698,219.417,131
24606,1030,1,131,44,1,1,1,1,26.0,55,1:34:05.715,5645715,53,1,1:39.283,201.387,1
24654,1032,832,1,55,3,9,9,9,3.0,70,\N,\N,68,1,1:05.619,236.894,11
24666,1033,1,131,44,1,1,1,1,26.0,70,1:36:12.473,5772473,70,1,1:16.627,205.823,1
24687,1034,830,9,33,3,2,2,2,19.0,52,+5.856,5287139,52,1,1:27.097,243.494,1
24707,1035,1,131,44,2,2,2,2,19.0,52,+11.326,4793319,43,1,1:28.451,239.766,1
24728,1036,822,131,77,2,3,3,3,16.0,66,+44.752,5550031,66,1,1:18.183,214.343,1
24749,1037,817,4,3,4,4,4,4,13.0,44,+18.877,5067638,44,1,1:47.483,234.589,1
24772,1038,1,131,44,1,7,7,7,7.0,53,+17.245,6443301,34,1,1:22.746,252.033,1
24786,1039,1,131,44,1,1,1,1,26.0,59,2:19:35.060,8375060,58,1,1:18.833,239.518,1
24806,1040,822,131,77,3,1,1,1,26.0,53,1:34:00.364,5640364,51,1,1:37.030,216.972,1
24827,1041,830,9,33,3,2,2,2,19.0,60,+4.470,5754111,60,1,1:28.139,210.267,1
24846,1042,1,131,44,1,1,1,1,26.0,66,1:29:56.828,5396828,63,1,1:18.750,212.708,1
24866,1043,1,131,44,2,1,1,1,26.0,63,1:28:32.430,5312430,63,1,1:15.484,234.121,1
24893,1044,846,1,4,14,8,8,8,5.0,58,+1:01.259,6200572,58,1,1:36.806,198.508,1
24907,1045,830,9,33,3,2,2,2,19.0,57,+1.254,10788769,48,1,1:32.014,211.741,1
24934,1046,847,131,63,2,9,9,9,3.0,87,+18.556,5493670,80,1,0:55.404,230.214,1
24952,1047,817,4,3,11,7,7,7,7.0,55,+1:13.748,5862393,55,1,1:40.926,198.109,1
24968,1052,822,131,77,3,3,3,3,16.0,56,+37.383,5561280,56,1,1:32.090,211.566,1
24987,1053,1,131,44,1,2,2,2,19.0,63,+22.000,7376598,60,1,1:16.702,230.403,1
25008,1054,822,131,77,1,3,3,3,16.0,66,+33.530,5704951,65,1,1:19.865,209.738,1
25027,1055,830,9,33,2,2,2,2,19.0,66,+15.841,5603521,62,1,1:18.149,215.357,1
25052,1056,1,131,44,7,7,7,7,7.0,78,+1:08.231,6005051,69,1,1:12.909,164.769,1
25083,1057,830,9,33,3,\N,R,18,0.0,45,\N,\N,44,1,1:44.481,206.839,3
25086,1059,830,9,33,1,1,1,1,26.0,53,1:27:25.770,5245770,35,1,1:36.404,218.156,1
25107,1058,1,131,44,2,2,2,2,19.0,71,+35.743,4974668,71,1,1:07.058,231.811,1
25126,1060,830,9,33,1,1,1,1,26.0,71,1:23:54.543,5034543,62,1,1:06.200,234.815,1
25161,1061,815,9,11,0,16,16,16,0.0,51,\N,\N,50,1,1:28.617,239.317,11
25170,1062,842,213,10,5,5,5,5,11.0,70,+1:03.614,7546813,70,1,1:18.394,201.183,1
25207,1064,1,131,44,2,2,2,2,19.0,72,+20.932,5426327,72,1,1:11.097,215.654,1
25226,1065,817,1,3,2,1,1,1,26.0,53,1:21:54.365,4914365,53,1,1:24.812,245.894,1
25252,1066,846,1,4,1,7,7,7,7.0,53,+1:27.224,5528225,39,1,1:37.423,216.096,1
25266,1067,822,131,77,1,1,1,1,26.0,58,1:31:04.103,5464103,58,1,1:30.432,212.500,1
25287,1069,1,131,44,2,2,2,2,19.0,56,+1.333,5677885,41,1,1:38.485,201.521,1
25320,1070,822,131,77,1,15,15,15,0.0,69,\N,\N,69,1,1:17.774,199.223,12
25329,1071,815,9,11,4,4,4,4,13.0,71,+39.940,5582791,71,1,1:11.010,218.453,1
25347,1051,830,9,33,7,2,2,2,19.0,57,+25.743,5094214,57,1,1:23.196,232.799,1
25366,1072,1,131,44,1,1,1,1,26.0,50,2:06:15.118,7575118,47,1,1:30.734,244.962,1
25386,1073,830,9,33,1,1,1,1,26.0,58,1:30:17.345,5417345,39,1,1:26.103,220.800,1
25406,1074,844,6,16,1,1,1,1,26.0,57,1:37:33.584,5853584,51,1,1:34.570,206.018,1
25427,1075,844,6,16,2,2,2,2,19.0,50,+0.549,5059842,48,1,1:31.634,242.556,1
25446,1076,844,6,16,1,1,1,1,26.0,58,1:27:46.548,5266548,58,1,1:20.260,236.740,1
25466,1077,830,9,1,1,1,1,1,26.0,63,1:32:07.986,5527986,55,1,1:18.446,225.281,1
25486,1078,830,9,1,3,1,1,1,26.0,57,1:34:24.258,5664258,54,1,1:31.361,213.255,1
25507,1079,815,9,11,5,2,2,2,19.0,66,+13.072,5853547,55,1,1:24.108,200.099,1
25531,1080,846,1,4,5,6,6,6,9.0,64,+12.231,7002496,55,1,1:14.693,160.834,1
25547,1081,815,9,11,2,2,2,2,19.0,51,+20.823,5666764,36,1,1:46.046,203.787,1
25567,1082,832,6,55,3,2,2,2,19.0,70,+0.993,5782750,63,1,1:15.749,207.258,1
25588,1083,1,131,44,5,3,3,3,16.0,52,+6.225,8276536,52,1,1:30.510,234.312,1
25607,1084,830,9,1,1,2,2,2,19.0,71,+1.532,5065844,62,1,1:07.275,231.063,1
25630,1085,832,6,55,19,5,5,5,11.0,53,+28.872,5430984,51,1,1:35.781,219.575,1
25647,1086,1,131,44,7,2,2,2,19.0,70,+7.834,5983746,57,1,1:21.386,193.787,1
25666,1087,830,9,1,14,1,1,1,26.0,44,1:25:52.894,5152894,32,1,1:49.354,230.575,1
25686,1088,830,9,1,1,1,1,1,26.0,72,1:36:42.773,5802773,62,1,1:13.652,208.173,1
25711,1089,815,9,11,13,6,6,6,9.0,53,+6.091,4833602,46,1,1:24.030,248.182,1
25739,1091,847,131,63,0,14,14,14,0.0,57,\N,\N,54,1,1:46.458,171.211,12
25761,1092,855,51,24,14,16,16,16,0.0,28,+1:27.043,10991047,20,1,1:44.411,200.220,1
25770,1093,847,131,63,4,5,5,5,11.0,56,+44.815,6176502,56,1,1:38.788,200.902,1
25789,1094,847,131,63,2,4,4,4,13.0,71,+49.431,5966160,71,1,1:20.153,193.310,1
25806,1095,847,131,63,1,1,1,1,26.0,71,1:38:34.044,5914044,61,1,1:13.785,210.237,1
25831,1096,846,1,4,7,6,6,6,9.0,58,+56.234,5322148,44,1,1:28.391,215.085,1
